Size,1,2,4
50000,1.0,0.8410331793364133,0.06109280615046677
100000,1.0,0.8465453757851421,0.45101546272790216
200000,1.0,1.0479919171507956,0.7204375759680499
