Processors,Size,Average Time,Median Time,Minimum Time
1,50000,0.0004005,0.000402,0.000381
1,100000,0.0007817000000000001,0.000834,0.000444
1,200000,0.0016596,0.001714,0.001203
2,50000,0.0002381,0.000264,8.6e-05
2,100000,0.00046169999999999995,0.00046849999999999995,0.000287
2,200000,0.0007918,0.000901,0.00032
4,50000,0.0016389,0.0003835,0.000126
4,100000,0.0004333,0.00037600000000000003,0.000102
4,200000,0.0005759000000000001,0.000614,0.000177
