Size,1,2,4
1024 x 1024,1.0,0.966457978471184,0.916219585105303
256 x 256,1.0,0.7792840901260939,0.7864643093077431
512 x 512,1.0,0.9910237361840913,0.8244953047868662
